ECG_mean_Hyperventilation;ECG_max_Hyperventilation
0.059952;1.506875
0.060559;0.866875
0.060570;0.897812
0.055194;0.913437
0.064153;0.789062
